Journal;Volume;Year;Issue;Title;Authors
JEE;Volume 48;2017;1;Integrating normative issues in the principles of economics texts: Introduction to a symposium;David Colander
JEE;Volume 48;2017;1;A proposal for more sophisticated normative principles in introductory economics;Stephen Schmidt
JEE;Volume 48;2017;1;The ethics behind efficiency;Jonathan B. Wight
JEE;Volume 48;2017;1;On welfare economics in the principles course;N. Gregory Mankiw
JEE;Volume 48;2017;1;Market equilibria already incorporate normative preferences;Sean Masaki Flynn
JEE;Volume 48;2017;1;Bringing winners and losers into the classroom;Jonathan Morduch
JEE;Volume 48;2017;1;Cultivating the liberally educated mind through a signature program;Emily Chamlee-Wright, Joshua C. Hall, Laura E. Grube
JEE;Volume 48;2017;1;Have economic educators embraced social media as a teaching tool?;Abdullah Al-Bahrani, Darshak Patel, Brandon J. Sheridan
JEE;Volume 48;2017;1;Economics and business coursework by undergraduate students: Findings from Baccalaureate and Beyond transcripts;William Bosshardt, William B. Walstad
JEE;Volume 48;2017;2;Editor note on submission guidelines and financial education;William Walstad
JEE;Volume 48;2017;2;A classroom game on a negative externality correcting tax: Revenue return, regressivity, and the double dividend;Joshua M. Duke, David M. Sassoon
JEE;Volume 48;2017;2;Students' persistent preconceptions and learning economic principles;Isabel Busom, Cristina Lopez-Mayan, Judith Panadés
JEE;Volume 48;2017;2;Perspectives on evaluation in financial education: Landscape, issues, and studies;William Walstad, Carly Urban, Carlos J. Asarta, Elizabeth Breitbach, William Bosshardt, Julie Heath, Barbara O'Neill, Jamie Wagner, Jing Jian Xiao
JEE;Volume 48;2017;2;The Test of Financial Literacy: Development and measurement characteristics;William B. Walstad, Ken Rebeck
JEE;Volume 48;2017;2;Using the U.S. Test of Financial Literacy in Germany-daptation and validation;Manuel Förster, Roland Happ, Dimitar Molerov
JEE;Volume 48;2017;3;Time series econometrics for the 21st century;Bruce E. Hansen
JEE;Volume 48;2017;3;Diversity, knowledge clusters, and job placement: Graduate economics teaching of core microeconomics;Arthur Campbell, Jonathan S. Feinstein, Soonwook Hong, Sharon Qian, Trevor C. Williams
JEE;Volume 48;2017;3;Enhancing the teaching of introductory economics with a team-based, multi-section competition;Laura Beaudin, Aziz N. Berdiev, Allison Shwachman Kaminaga, Sam Mirmirani, Edinaldo Tebaldi
JEE;Volume 48;2017;3;Using FRED data to teach price elasticity of demand;Diego Méndez-Carbajo, Carlos J. Asarta
JEE;Volume 48;2017;3;Index of economic freedom: Unrealized pedagogical opportunities;Mark Maier, John A. Miller
JEE;Volume 48;2017;3;Teaching macroeconomics to the visually impaired: New tactile methods, verbal precision, and small groups;Michele I. Naples
JEE;Volume 48;2017;3;Creating infographics to enhance student engagement and communication in health economics;Julia VanderMolen, Christy Spivey
JEE;Volume 48;2017;3;Performing an event study: An exercise for finance students;William A. Reese Jr., Russell P. Robins
JEE;Volume 48;2017;3;Great ideas for making economic principles relevant and engaging: A three-paper symposium from David Cutler, Dean Karlan, and Cecilia Rouse;Gail M. Hoyt
JEE;Volume 48;2017;3;Teaching health care in introductory economics;David M. Cutler
JEE;Volume 48;2017;3;Survivor: Three principles of economics lessons as taught by a reality television show;Dean Karlan
JEE;Volume 48;2017;3;The economics of education and policy: Ideas for a principles course;Cecilia Elena Rouse
JEE;Volume 48;2017;3;Trends in undergraduate economics degrees, 1991-2016;John J. Siegfried
JEE;Volume 48;2017;4;Evaluating Twitter and its impact on student learning in principles of economics courses;Abdullah Al-Bahrani, Darshak Patel, Brandon J. Sheridan
JEE;Volume 48;2017;4;Teaching writing in economics;Katherine Schmeiser
JEE;Volume 48;2017;4;Effective teaching of economics: A constrained optimization problem?;Patrik T. Hultberg, David Santandreu Calonge
JEE;Volume 48;2017;4;Teaching exchange rate risk using London's Gherkin building: How investors were in (and out of) a pickle;Adam T. Jones, William H. Sackley, Ethan D. Watson
JEE;Volume 48;2017;4;Models of undergraduate research in economics: Advice from eight exemplary programs;Gail M. Hoyt, KimMarie McGoldrick
JEE;Volume 48;2017;4;Learning by doing: The challenge of engaging undergraduates in economics research;Smita Brunnermeier
JEE;Volume 48;2017;4;Striving to involve undergraduates in economic research at Wellesley College;Kristin F. Butcher, Akila Weerapana
JEE;Volume 48;2017;4;Building research skills in the Macalester economics major;J. Peter Ferderer, Gary Krueger
JEE;Volume 48;2017;4;Undergraduate research in the Dartmouth Economics Department;James Feyrer
JEE;Volume 48;2017;4;Training young researchers: Successful strategies from University of Chicago college economics;Victor Lima, Grace Tsiang
JEE;Volume 48;2017;4;Forging on-campus connections to enhance undergraduate student reasoning, writing, and research skills;Belinda Archibong, Harrison Dekker, Nathan D. Grawe, Martha L. Olney, Carol Rutz, David Weiman
JEE;Volume 48;2017;4;LSAT® scores of economics majors: The 2015-16 class update and 15-year history;Michael Nieswiadomy
JEE;Volume 49;2018;1;"Improved grade outcomes with an e-mailed \xe2\x80\x9cgrade nudge""";Ben O. Smith, Dustin R. White, Patricia C. Kuzyk, James E. Tierney
JEE;Volume 49;2018;1;Diversity, effort, and cooperation in team-based learning;Molly Espey
JEE;Volume 49;2018;1;Revisiting unemployment in intermediate macroeconomics: A new approach for teaching Diamond-Mortensen-Pissarides;Arghya Bhattacharya, Paul Jackson, Brian C. Jenkins
JEE;Volume 49;2018;1;"Syllabus and economics: Reasoning with Generation \xe2\x80\x9cWhy""";Mariya Burdina, Sue Lynn Sasser
JEE;Volume 49;2018;1;The economics of online dating: A course in economic modeling;Andrew J. Monaco
JEE;Volume 49;2018;1;Leveraging the power of experiential learning to achieve higher-order proficiencies;Amy Henderson
JEE;Volume 49;2018;1;Integrating graphing assignments into a money and banking course using FRED;James Staveley-O'Carroll
JEE;Volume 49;2018;1;Let's put demography back into economics: Population pyramids in Excel;Humberto Barreto
JEE;Volume 49;2018;1;Social Security and saving: A time-series econometrics pedagogical example (with R code);Charles S. Wassell, Jr.
JEE;Volume 49;2018;2;Evaluating the flipped classroom: A randomized controlled trial;Nathan Wozny, Cary Balser, Drew Ives
JEE;Volume 49;2018;2;Does studying economics in college influence loan decisions later in life?;William Bosshardt, William B. Walstad
JEE;Volume 49;2018;2;Simple and practical efficiency lessons;Van Kolpin
JEE;Volume 49;2018;2;International monetary policy coordination in a new Keynesian model with NICE features;Jean-Christophe Poutineau, Gauthier Vermandel
JEE;Volume 49;2018;2;Let's make a deal in the classroom: Institutional solutions to the Monty Hall Dilemma;Brandon Dupont, Yvonne Durham
JEE;Volume 49;2018;2;Multiple product qualities in monopoly: Sailing the RMS Titanic into the economics classroom;Carlos J. Asarta, Franklin G. Mixon Jr., Kamal P. Upadhyaya
JEE;Volume 49;2018;2;Games superheroes play: Teaching game theory with comic book favorites;Brian O'Roark, William Grant
JEE;Volume 49;2018;2;Farmer Brown v. Rancher Wyatt: Teaching the Coase Theorem;Patrick Gourley
JEE;Volume 49;2018;2;A college athletics recruiting game to teach the economics of rent-seeking;Justin R. Roush, Bruce K. Johnson
JEE;Volume 49;2018;2;Teacher training for PhD students and new faculty in economics;Sam Allgood, Gail Hoyt, KimMarie McGoldrick
JEE;Volume 49;2018;2;Multiplatform software tool to disaggregate and adjust value-added learning scores;Ben O. Smith
JEE;Volume 49;2018;2;Econocast.net: Pencasts to supplement the undergraduate economics curriculum;James Murray, John Nunley
JEE;Volume 40;2009;1;Teaching and Learning Principles of Microeconomics Online: An Empirical Assessment; Chiara   Gratton-Lavoie ,  Denise   Stanley 
JEE;Volume 40;2009;1;Price Bubbles with Discounting: A Web-Based Classroom Experiment; AJ A.   Bostian ,  Charles A.   Holt 
JEE;Volume 40;2009;1;NutrientNet: An Internet-Based Approach to Teaching Market-Based Policy for Environmental Management; To N.   Nguyen ,  Richard T.   Woodward 
JEE;Volume 40;2009;1;Self-Selection, Optimal Income Taxation, and Redistribution; J. Atsu   Amegashie 
JEE;Volume 40;2009;1;Second-Degree Price Discrimination: A Graphical and Mathematical Approach; Chemi   Gotlibovski ,  Nava   Kahana 
JEE;Volume 40;2009;1;Teaching New Keynesian Open Economy Macroeconomics at the Intermediate Level; Peter   Bofinger ,  Eric   Mayer ,  Timo   Wollmershäuser 
JEE;Volume 40;2009;1;Book Review; John J.   Siegfried 
JEE;Volume 40;2009;1;Visualizing Long-Run Average Cost with an Interactive Excel Module; Thomas   Mitchell 
JEE;Volume 40;2009;1;Interactive Economic Models from the Wolfram Demonstrations Project; Fiona   Maclachlan ,  W. J.   Bolte ,  Seth   Chandler 
JEE;Volume 40;2009;2;The Effects of Remedial Mathematics on the Learning of Economics: Evidence from a Natural Experiment; Johan N. M.   Lagerlöf ,  Andrew J.   Seltzer 
JEE;Volume 40;2009;2;A Sports Franchise Simulation Game; David G.   Surdam 
JEE;Volume 40;2009;2;A Classroom Experiment on Exchange Rate Determination with Purchasing Power Parity; David T.   Mitchell ,  Robert P.   Rebelein ,  Patricia H.   Schneider ,  Nicole B.   Simpson ,  Eric   Fisher 
JEE;Volume 40;2009;2;What's Your College Degree Worth? A Research Project for the Labor Economics Course; Robert J.   Thornton 
JEE;Volume 40;2009;2;Design a Contract: A Simple Principal-Agent Problem as a Classroom Experiment; Simon   Gächter ,  Manfred   Königstein 
JEE;Volume 40;2009;2;Covering Your Posterior: Teaching Signaling Games Using Classroom Experiments; Theodore L.   Turocy 
JEE;Volume 40;2009;2;Optimal Consumption when Consumption Takes Time; Norman C.   Miller 
JEE;Volume 40;2009;2;The Tax Compliance Demand Curve: A Diagrammatical Approach to Income Tax Evasion; Gideon   Yaniv 
JEE;Volume 40;2009;3;Evaluating Teaching in Higher Education; Bruce A.   Weinberg ,  Masanori   Hashimoto ,  Belton M.   Fleisher 
JEE;Volume 40;2009;3;A Guide for Submissions to the JEE Content Section; Jessica   Holmes ,  Casey   Rothschild ,  Mark   Setterfield 
JEE;Volume 40;2009;3;Course Presentation of the Joint-Products Problem with Costs Associated with Dumping; Melvin V.   Borland ,  Roy M.   Howsen 
JEE;Volume 40;2009;3;A Diagrammatic Exposition of Regression and Instrumental Variables for the Beginning Student; Gigi   Foster 
JEE;Volume 40;2009;3;General Equilibrium Models: Improving the Microeconomics Classroom; Walter   Nicholson ,  Frank   Westhoff 
JEE;Volume 40;2009;3;Teaching Undergraduate Money and Banking: T-Bill Auctions and Stock Market Models; Daniel E.   Saros 
JEE;Volume 40;2009;3;Trends in Undergraduate Economics Degrees, 1991-2008; John J.   Siegfried 
JEE;Volume 40;2009;4;The Effect of Information Technology on Economic Education; Scott J.   Savage 
JEE;Volume 40;2009;4;Using Electronic Response Systems in Economics Classes; Sucharita   Ghosh ,  Francesco   Renna 
JEE;Volume 40;2009;4;Teaching Economic Principles Interactively: A Cannibal's Dinner Party; Theodore C.   Bergstrom 
JEE;Volume 40;2009;4;Clickenomics: Using a Classroom Response System to Increase Student Engagement in a Large-Enrollment Principles of Economics Course; Michael K.   Salemi 
JEE;Volume 40;2009;4;Your Place in Space: Classroom Experiment on Spatial Location Theory; Margo   Bergman ,  G.   Dirk   Mateer ,  Michael   Reksulak ,  Jonathan C.   Rork ,  Rick K.   Wilson ,  David   Zirkle 
JEE;Volume 40;2009;4;Pushing Economies (and Students) Outside the Factor Price Equalization Zone; Paul   Oslington ,  Isaac   Towers 
JEE;Volume 40;2009;4;Revisiting Marshall's Third Law: Why Does Labor's Share Interact with the Elasticity of Substitution to Decrease the Elasticity of Labor Demand?; Saul D.   Hoffman 
JEE;Volume 40;2009;4;GeoFRED\xe2\x84\xa2: A Picture Is Worth a Thousand Words; Mary C.   Suiter ,  Katrina   Stierholz 
JEE;Volume 40;2009;4;Media for Microeconomics; Tod S.   Porter 
JEE;Volume 41;2010;1;Change and Continuity; William B.   Walstad 
JEE;Volume 41;2010;1;Not Such Innocents Abroad?; Georg   Schaur ,  Michael   Watts 
JEE;Volume 41;2010;1;An Empirical Examination of the Roles of Ability and Gender in Collaborative Homework Assignments; Jeffrey   Parker 
JEE;Volume 41;2010;1;Teaching Aggregate Demand and Supply Models; Graeme   Wells 
JEE;Volume 41;2010;1;Two-Part Tariff and Aftermarket Duopoly: An Illustration; Joseph   Felder ,  Robert   Scott 
JEE;Volume 41;2010;1;The Traders' Cross: Identifying Traders' Surpluses in the Traditional Edgeworth Exchange Diagram; Scott A.   Beaulier ,  David L.   Prychitko 
JEE;Volume 41;2010;1;Expected Utility Illustrated: A Graphical Analysis of Gambles with More than Two Possible Outcomes; Frederick H.   Chen 
JEE;Volume 41;2010;1;Overcoming Disciplinary and Institutional Barriers: An Interdisciplinary Course in Economic and Sociological Perspectives on Health Issues; Bruce H.   Wade ,  Jack H.   Stone 
JEE;Volume 41;2010;1;Consensus among Economics Teachers from Transition Economies; Don R.   Leet ,  Nancy A.   Lang 
JEE;Volume 41;2010;2;A Framework for Reconsidering the Lake Wobegon Effect; M.   Ryan   Haley ,  Marianne F.   Johnson ,  M.   Kevin   McGee 
JEE;Volume 41;2010;2;Teaching Economic Growth Theory with Data; Bruce T.   Elmslie ,  Edinaldo   Tebaldi 
JEE;Volume 41;2010;2;Teaching and Learning with Individually Unique Exercises; Wayne   Joerding 
JEE;Volume 41;2010;2;Simpsonomics: Teaching Economics Using Episodes of The Simpsons; R.   Andrew   Luccasen ,  M.   Kathleen   Thomas 
JEE;Volume 41;2010;2;Teaching Competition in Professional Sports Leagues; Stefan   Szymanski 
JEE;Volume 41;2010;2;Geometry of Cournot-Nash Equilibrium with Application to Commons and Anticommons; Antonio   D'Agata 
JEE;Volume 41;2010;2;The Neglect of Monotone Comparative Statics Methods; Carol   Horton   Tremblay ,  Victor J.   Tremblay 
JEE;Volume 41;2010;2;The Professional Development of Graduate Students for Teaching Activities: The Students' Perspective; KimMarie   McGoldrick ,  Gail   Hoyt ,  David   Colander 
JEE;Volume 41;2010;2;Preparing Graduate Students in Economics for Teaching: Survey Findings and Recommendations; William B.   Walstad ,  William E.   Becker 
JEE;Volume 41;2010;2;Do Recent PhD Economists Feel Prepared to Teach Economics?; James P.   McCoy ,  Martin I.   Milkman 
JEE;Volume 41;2010;2;Beat the Market: An Interactive Microeconomics Simulation; Harvey   Gold ,  Steven   Gold 
JEE;Volume 41;2010;3;Grades, Gender, and Encouragement: A Regression Discontinuity Analysis; Ann L.   Owen 
JEE;Volume 41;2010;3;Understanding Patenting Decisions: A Classroom Exercise; John C.   Bernard ,  Amalia   Yiannaka 
JEE;Volume 41;2010;3;The Use of Narrative Interview in Teaching Principles of Macroeconomics; Peggy   Dalton 
JEE;Volume 41;2010;3;Doing Publishable Research with Undergraduate Students; Aju J.   Fenn ,  Daniel K. N.   Johnson ,  Mark   Griffin   Smith ,  J. L.   Stimpert 
JEE;Volume 41;2010;3;The Causes of and Gains from Intertemporal Trade; William D.   Craighead ,  Norman C.   Miller 
JEE;Volume 41;2010;3;A Model of the Relative Income Hypothesis; Shane   Sanders 
JEE;Volume 41;2010;3;Modeling Imports in a Keynesian Expenditure Model; David W.   Findlay 
JEE;Volume 41;2010;3;Retiring the Short-Run Aggregate Supply Curve; S.   Kirk   Elwood 
JEE;Volume 41;2010;3;Trends in Undergraduate Economics Degrees, 1991-2009; John J.   Siegfried 
JEE;Volume 41;2010;3;LSAT® Scores of Economics Majors: The 2008-9 Class Update; Michael   Nieswiadomy 
JEE;Volume 41;2010;4;Differences in Student Evaluations of Principles and Other Economics Courses and the Allocation of Faculty across Courses; James F.   Ragan   Jr. ,  Bhavneet   Walia 
JEE;Volume 41;2010;4;Experiential Learning of the Efficient Market Hypothesis: Two Trading Games; Andreas   Park 
JEE;Volume 41;2010;4;Extending the Principles of Intensive Writing to Large Macroeconomics Classes; Peter   Docherty ,  Harry   Tse ,  Ross   Forman ,  Jo   McKenzie 
JEE;Volume 41;2010;4;Introduction to Symposium on the Financial Crisis and the Teaching of Macroeconomics; David   Colander 
JEE;Volume 41;2010;4;Teaching Macro Principles after the Financial Crisis; Alan   Blinder 
JEE;Volume 41;2010;4;Reconstructing Economics in Light of the 2007-? Financial Crisis; Benjamin M.   Friedman 
JEE;Volume 41;2010;4;The Financial Crisis and the Death (or Hegemony) of Development Economics; Raghuram   Rajan 
JEE;Volume 41;2010;4;How Should the Financial Crisis Change How We Teach Economics?; Robert J.   Shiller 
JEE;Volume 41;2010;4;Economic Education in an International Context; Michael   Watts ,  William B.   Walstad 
JEE;Volume 41;2010;4;Economic Education in Schools and Universities in England; Peter   Davies ,  Guy   Durden 
JEE;Volume 41;2010;4;The Economics Degree in Australia: Down but Not Out?; David K.   Round ,  Martin P.   Shanahan 
JEE;Volume 41;2010;4;Economic Education in Korea: Current Status and Changes; Jinsoo   Hahn ,  Kyungho   Jang 
JEE;Volume 41;2010;4;The Present State of Economic Education in Japan; Michio   Yamaoka ,  Tadayoshi   Asano ,  Shintaro   Abe 
JEE;Volume 42;2011;1;In Memory of Peter Kennedy (May 18, 1943-August 30, 2010); William E.   Becker   Jr. 
JEE;Volume 42;2011;1;Do Peers Influence Achievement in High School Economics? Evidence from Georgia's Economics End of Course Test; Christopher   Clark ,  Benjamin   Scafidi ,  John R.   Swinton 
JEE;Volume 42;2011;1;Whose Opinion Is It Anyway? Determinants of Participation in Student Evaluation of Teaching; Samer   Kherfi 
JEE;Volume 42;2011;1;Curriculum for the Twenty-First Century: Recent Advances in Economic Theory and Undergraduate Economics; William D.   Ferguson 
JEE;Volume 42;2011;1;Persuasive and Informative Advertising: A Classroom Experiment; Beth A.   Freeborn ,  Jason P.   Hulbert 
JEE;Volume 42;2011;1;Teaching Economics to Business Students through the Lens of Corporate Social Responsibility and Sustainability; Sylvia   Maxfield 
JEE;Volume 42;2011;1;The Pollution Game: A Classroom Game Demonstrating the Relative Effectiveness of Emissions Taxes and Tradable Permits; Jay R.   Corrigan 
JEE;Volume 42;2011;1;Understanding Credit Risk: A Classroom Experiment; Maroš   Servátka ,  George   Theocharides 
JEE;Volume 42;2011;1;Trends and Characteristics of Economics Degrees in a Developing Country: The Case of Mexico; Robert   Duval-Hernández ,  F.   Alejandro   Villag\xc3\xb3mez 
JEE;Volume 42;2011;1;Excel Models for International Trade Theory and Policy: An Online Resource; John   Gilbert ,  Reza   Oladi 
JEE;Volume 42;2011;1;Online Student Competitions in Economics; Roger B.   Butters 
JEE;Volume 42;2011;1;Augmenting Teaching and Learning with Social Software; Steven A.   Greenlaw 
JEE;Volume 42;2011;2;Economic Education in Post-Soviet Russia: The Effectiveness of the Training of Trainers Program; Paul W.   Grimes ,  Meghan J.   Millea 
JEE;Volume 42;2011;2;The Effect of Group Composition on Individual Student Performance in an Introductory Economics Course; Robert L.   Moore 
JEE;Volume 42;2011;2;Online Assignments in Economics: A Test of Their Effectiveness; Brendan   Kennelly ,  John   Considine ,  Darragh   Flannery 
JEE;Volume 42;2011;2;Oh, the Economics You'll Find in Dr. Seuss!; Ben   Miller ,  Michael   Watts 
JEE;Volume 42;2011;2;A Bluff-Bidding Exercise; J.   Patrick   Meister 
JEE;Volume 42;2011;2;Tableau \xc3\x89conomique: Teaching Economics with a Tablet Computer; Robert H.   Scott   III 
JEE;Volume 42;2011;2;Capitalism in Six Westerns by John Ford; Carlos   Rodràdguez   Braun 
JEE;Volume 42;2011;2;Assessment of the Undergraduate Economics Major: A National Survey; Steven C.   Myers ,  Michael A.   Nelson ,  Richard W.   Stratton 
JEE;Volume 42;2011;2;A Survey of Economic Understanding in U.S. High Schools; Roger B.   Butters ,  Carlos J.   Asarta 
JEE;Volume 42;2011;2;Slutsky and Hicks Decompositions in a Java Applet; Jens   Peter   Siebel 
JEE;Volume 42;2011;2;TV for Economics; G.   Dirk   Mateer ,  Linda S.   Ghent ,  Misty   Stone 
JEE;Volume 42;2011;3;The Effect of Time Spent Online on Student Achievement in Online Economics and Finance Courses; Pablo   Calafiore ,  Damian S.   Damianov 
JEE;Volume 42;2011;3;Teaching Bank Runs with Classroom Experiments; Dieter   Balkenborg ,  Todd   Kaplan ,  Timothy   Miller 
JEE;Volume 42;2011;3;Illustrating Environmental Issues by Using the Production-Possibility Frontier: A Classroom Experiment; Nancy   Carson ,  Panagiotis   Tsigaris 
JEE;Volume 42;2011;3;Microeconomics and Psychology; Steven   Beckman ,  Lanxin   Chen ,  Greg   DeAngelo ,  W.   James   Smith ,  Xieting   Zhang 
JEE;Volume 42;2011;3;Trends in Undergraduate Economics Degrees, 1991-2010; John J.   Siegfried 
JEE;Volume 42;2011;3;Student Performance in Undergraduate Economics Courses; Kevin J.   Mumford ,  Matthew W.   Ohland 
JEE;Volume 42;2011;3;Results from a Faculty Development Program in Teaching Economics; William B.   Walstad ,  Michael K.   Salemi 
JEE;Volume 42;2011;3;Teaching and Assessment Methods in Undergraduate Economics: A Fourth National Quinquennial Survey; Michael   Watts ,  Georg   Schaur 
JEE;Volume 42;2011;3;The Educational Choice Anomaly for Principles Students: Using Ordinary Supply and Demand Rather than Indifference Curves; Philip E.   Graves ,  Robert L.   Sexton ,  Lauren M.   Calimeris 
JEE;Volume 42;2011;3;An Interactive Primer on the Macroeconomics of Financial Crises; Manfred   Gärtner ,  Björn   Griesbach ,  Florian   Jung ,  Andreas   Kleiner 
JEE;Volume 42;2011;3;Interactive Demonstration of Optimal Insurance Model; Mark   Gillis ,  Andrea   Craig 
JEE;Volume 42;2011;3;The Economics of Seinfeld; Linda S.   Ghent ,  Alan   Grant ,  George   Lesica 
JEE;Volume 42;2011;4;Retention of High School Economics Knowledge and the Effect of the California State Mandate; Andrew M.   Gill ,  Chiara   Gratton-Lavoie 
JEE;Volume 42;2011;4;How Much is That Exam Grade Really Worth? An Estimation of Student Risk Aversion to Their Unknown Final College Course Grades; Lanier   Nalley ,  Andrew   McKenzie 
JEE;Volume 42;2011;4;A Virtual Field Trip to the Real World of Cap and Trade: Environmental Economics and the EPA SO2 Allowance Auction; Lynne Y.   Lewis 
JEE;Volume 42;2011;4;Computer Versus Paper Testing in Precollege Economics; Roger B.   Butters ,  William B.   Walstad 
JEE;Volume 42;2011;4;Using a Simple Contest to Illustrate Mechanism Design; Calvin   Blackwell 
JEE;Volume 42;2011;4;Exploring the Concept of Sustainable Development Through Role-Playing; Arnaud   Buchs ,  Odile   Blanchard 
JEE;Volume 42;2011;4;Exploring Strategic Behavior in an Oligopoly Market Using Classroom Clickers; Keith   Brouhle 
JEE;Volume 42;2011;4;Estimating Gender Wage Gaps; Judith A.   McDonald ,  Robert J.   Thornton 
JEE;Volume 42;2011;4;How Should the Graduate Economics Core be Changed?; Jose   Miguel   Abito ,  Katarina   Borovickova ,  Hays   Golden ,  Jacob   Goldin ,  Matthew A.   Masten ,  Miguel   Morin ,  Alexandre   Poirier ,  Vincent   Pons ,  Israel   Romem ,  Tyler   Williams ,  Chamna   Yoon 
JEE;Volume 42;2011;4;How Much Should I Save? Optimal Planning by Using Esplanner Basic; Paul V.   Hamilton 
JEE;Volume 42;2011;4;Economists from History Talk about Their Lives; Tom   Neumann 
JEE;Volume 43;2012;1;Changing the Landscape of Economic Education: An Annual AEA Conference Cosponsored by the Journal of Economic Education; John J.   Siegfried ,  William B.   Walstad ,  Michael   Watts 
JEE;Volume 43;2012;1;In-Class vs. Online Experiments: Is There a Difference?; Linda K.   Carter ,  Tisha L. N.   Emerson 
JEE;Volume 43;2012;1;The Discouraged-Business-Major Hypothesis Revisited: Could Economics be the Encouraged-Business-Major?; Carlos J.   Asarta ,  Roger B.   Butters 
JEE;Volume 43;2012;1;Motivation and Math Skills as Determinants of First-Year Performance in Economics; Ivo J. M.   Arnold ,  Jerry T.   Straten 
JEE;Volume 43;2012;1;What do Students Learn from a Classroom Experiment: Not much, Unless they Write a Report on it; Edward   Cartwright ,  Anna   Stepanova 
JEE;Volume 43;2012;1;Principles of Economics Without the Prince of Denmark; Barbara J.   Phipps ,  Robert J.   Strom ,  William J.   Baumol 
JEE;Volume 43;2012;1;Using Illustrations from American Novels to Teach about Labor Markets; Michelle   Albert   Vachris ,  Cecil E.   Bohanon 
JEE;Volume 43;2012;1;What Led Eminent Economists to Become Economists?; Brent A.   Evans ,  Paul W.   Grimes ,  William E.   Becker 
JEE;Volume 43;2012;1;Using the Consumer Expenditure Survey to Teach Poverty Measurement; Amy   McCormick   Diduch 
JEE;Volume 43;2012;1;Graph Tool; Oskar R.   Harmon ,  Dan   Mercier ,  Betsy   Guala ,  Margaret   Brown ,  Craig   Burdick 
JEE;Volume 43;2012;1;Introductory Economics Labs; Humberto   Barreto ,  Kealoha   Widdows 
JEE;Volume 43;2012;2;The Cost of Economic Literacy: How Well Does a Literacy-Targeted Principles of Economics Course Prepare Students for Intermediate Theory Courses?; Donna B.   Gilleskie ,  Michael K.   Salemi 
JEE;Volume 43;2012;2;The Effects of a Translation Bias on the Scores for the Basic Economics Test; Jinsoo   Hahn ,  Kyungho   Jang 
JEE;Volume 43;2012;2;Does Living Near Classmates Help Introductory Economics Students Get Better Grades?; Jeffrey   Parker 
JEE;Volume 43;2012;2;Sources of Funding and Academic Performance in Economics Principles Courses; Dagney   Faulk ,  Arun K.   Srinivasan ,  Jon   Bingham 
JEE;Volume 43;2012;2;Teaching Integrity in Empirical Research: A Protocol for Documenting Data Management and Analysis; Richard   Ball ,  Norm   Medeiros 
JEE;Volume 43;2012;2;Following Zahka: Using Nobel Prize Winners' Speeches and Ideas to Teach Economics; Martin P.   Shanahan ,  John K.   Wilson ,  William E.   Becker 
JEE;Volume 43;2012;2;A Classroom Experiment on Banking; Mary   Mathewes   Kassis ,  Denise   Hazlett ,  Jolanda   E. Ygosse   Battisti 
JEE;Volume 43;2012;2;Starting Point: Pedagogic Resources for Teaching and Learning Economics; Mark H.   Maier ,  KimMarie   McGoldrick ,  Scott P.   Simkins 
JEE;Volume 43;2012;2;Active-Learning Exercises for Principles of Economics Courses; Oskar R.   Harmon ,  James   Lambrinos 
JEE;Volume 43;2012;3;Studying Absenteeism in Principles of Macroeconomics: Do Attendance Policies Make a Difference?; Sharmistha   Self 
JEE;Volume 43;2012;3;What Does Financial Literacy Training Teach Us?; Bruce   Ian   Carlin ,  David T.   Robinson 
JEE;Volume 43;2012;3;Is Economics Coursework, or Majoring in Economics, Associated with Different Civic Behaviors?; Sam   Allgood ,  William   Bosshardt ,  Wilbert   van der Klaauw ,  Michael   Watts 
JEE;Volume 43;2012;3;Teaching Economics Using Historical Novels: Jonathan Harr's The Lost Painting; Chad   Cotti ,  Marianne   Johnson 
JEE;Volume 43;2012;3;Symposium on Precollege Teaching of Economics: Introduction; David   Colander 
JEE;Volume 43;2012;3;Saving the Children- Rant; Stephen A.   Marglin 
JEE;Volume 43;2012;3;What Economics Should We Teach Before College, If Any?; Helen   Roberts ,  Deirdre N.   McCloskey 
JEE;Volume 43;2012;3;What Should We Be Teaching in Basic Economics Courses?; James   Gwartney 
JEE;Volume 43;2012;3;Refreshing the Voluntary National Content Standards in Economics; Richard A.   MacDonald ,  John J.   Siegfried 
JEE;Volume 43;2012;3;The Status of Econometrics in the Economics Major: A Survey; Bruce K.   Johnson ,  John J.   Perry ,  Marie   Petkus 
JEE;Volume 43;2012;3;How Departments of Economics Evaluate Teaching; William E.   Becker ,  William   Bosshardt ,  Michael   Watts 
JEE;Volume 43;2012;3;Two Decades of Trends in Undergraduate Economics Degrees, 1991-2011; John J.   Siegfried 
JEE;Volume 43;2012;3;Economics Course Enrollments in U.S. High Schools; William B.   Walstad ,  Ken   Rebeck 
JEE;Volume 43;2012;3;Pencasts for Introductory Macroeconomics; James   Murray 
JEE;Volume 43;2012;4;Women and the Choice to Study Economics; Tisha L. N.   Emerson ,  KimMarie   McGoldrick ,  Kevin J.   Mumford 
JEE;Volume 43;2012;4;Introducing Valuation Effects-Based External Balance Analysis into the Undergraduate Macroeconomics Curricula: A Simple Framework with Applications; Peter   Brust ,  Vivekanand   Jayakumar 
JEE;Volume 43;2012;4;A Simple Economic Teaching Experiment on the Hold-Up Problem; Dieter   Balkenborg ,  Todd   Kaplan ,  Timothy   Miller 
JEE;Volume 43;2012;4;A Simple Model of Entrepreneurship for Principles of Economics Courses; Frank R.   Gunter 
JEE;Volume 43;2012;4;'Economics with Training Wheels': Using Blogs in Teaching and Assessing Introductory Economics; Michael P.   Cameron 
JEE;Volume 43;2012;4;Using Art (Paintings, Drawings, and Engravings) to Teach Economics; Michael   Watts ,  Chineze   Christopher 
JEE;Volume 43;2012;4;Does Economic Education Make a Difference in Congress? How Economics Majors Vote on Trade; J.   Brian   O'Roark 
JEE;Volume 43;2012;4;Econ 1-0-What?; G.   Dirk   Mateer 
JEE;Volume 44;2013;1;Cheap and Effective: The Impact of Student-Led Recitation Classes on Learning Outcomes in Introductory Economics; Wendy A.   Stock ,  Kevin   Ward ,  Justin   Folsom ,  Teresa   Borrenpohl ,  Sophie   Mumford ,  Zach   Pershin ,  Danielle   Carriere ,  Heather   Smart 
JEE;Volume 44;2013;1;Economic Education and Student Performance in the Business Discipline: Implications for Curriculum Planning; Muhammad M.   Islam ,  Faridul   Islam 
JEE;Volume 44;2013;1;Experimental Evidence on the Effect of Grading Incentives on Student Learning in Spain; Joaquàdn   Artés ,  Marta   Rahona 
JEE;Volume 44;2013;1;Choosing Partners: A Classroom Experiment; Carl T.   Bergstrom ,  Theodore C.   Bergstrom ,  Rodney J.   Garratt 
JEE;Volume 44;2013;1;Deriving the Dividend Discount Model in the Intermediate Microeconomics Class; Stephen   Norman ,  Jonathan   Schlaudraff ,  Karianne   White ,  Douglas   Wills 
JEE;Volume 44;2013;1;What Would Adam Smith Have on His iPod? Uses of Music in Teaching the History of Economic Thought; Robert   Van Horn ,  Monica   Van Horn 
JEE;Volume 44;2013;1;What Should be Taught in Intermediate Macroeconomics?; Pedro   de Araujo ,  Roisin   O'Sullivan ,  Nicole B.   Simpson 
JEE;Volume 44;2013;1;Cubic Cost Functions and Major Market Structures; Oliver   Nikutowski ,  Viktor   Leis ,  Robert K. Frhr.   von Weizsäcker 
JEE;Volume 44;2013;2;The Role of Homework in Student Learning Outcomes: Evidence from a Field Experiment; Andrew   Grodner ,  Nicholas G.   Rupp 
JEE;Volume 44;2013;2;How do Transfer Students Perform in Economics? Evidence from Intermediate Macroeconomics; Carlos J.   Asarta ,  Scott M.   Fuess   Jr. ,  Andrew   Perumal 
JEE;Volume 44;2013;2;Instituting a Monetary Economy in a Semester-Long Macroeconomics Course; Victor J.   Valcarcel 
JEE;Volume 44;2013;2;Deep Learning in Intermediate Microeconomics: Using Scaffolding Assignments to Teach Theory and Promote Transfer; Gareth P.   Green ,  John C.   Bean ,  Dean J.   Peterson 
JEE;Volume 44;2013;2;A Dream Experiment in Development Economics; Prakarsh   Singh ,  Alexa   Russo 
JEE;Volume 44;2013;2;Economic Growth and Development in the Undergraduate Curriculum; Daron   Acemoglu 
JEE;Volume 44;2013;2;The Readability of Principles of Macroeconomics Textbooks; Sarah   Tinkler ,  James   Woods 
JEE;Volume 44;2013;3;"10 Q&A: Experienced Advice for \xe2\x80\x9cLost"" Graduate Students in Economics"; Ariel   Rubinstein 
JEE;Volume 44;2013;3;The Financial Crisis and Principles of Economics Textbooks; Poul   Thøis   Madsen 
JEE;Volume 44;2013;3;Veconlab Classroom Clicker Games: The Wisdom of Crowds and the Winner's Curse; AJ   Allen   Bostian ,  Charles A.   Holt 
JEE;Volume 44;2013;3;MacroJournal-Turning Students into Practitioners; Mike   Aguilar ,  Daniel   Soques 
JEE;Volume 44;2013;3;Using PGA Tour Results to Illustrate the Effects of Selection Bias; Amanda L.   Griffith ,  Todd A.   McFall 
JEE;Volume 44;2013;3;Cost Minimization and Elasticity Estimation: A Two-Input, Two-Time Period Analysis; Stephen D.   Casler 
JEE;Volume 44;2013;3;Econometrics as a Capstone Course in Economics; Christopher C.   Klein 
JEE;Volume 44;2013;3;Shortage, Shortage, Who's Got the Shortage?; Robert S.   Goldfarb 
JEE;Volume 44;2013;3;The Test of Economic Literacy: Development and Results; William B.   Walstad ,  Ken   Rebeck ,  Roger B.   Butters 
JEE;Volume 44;2013;4;The Simple Analytics of Monetary Policy: A Post-Crisis Approach; Benjamin M.   Friedman 
JEE;Volume 44;2013;4;Monetary Policy After August 2007; Mark   Gertler 
JEE;Volume 44;2013;4;The Consequences of Using one Assessment System to Pursue two Objectives; Derek   Neal 
JEE;Volume 44;2013;4;Exploring Fiscal Policy at Zero Interest Rates in Intermediate Macroeconomics; Srikanth   Ramamurthy ,  Norman   Sedgley 
JEE;Volume 44;2013;4;The Impact of Assessment Policy on Learning: Replacement Exams or Grade Dropping; Raymond J.   MacDermott 
JEE;Volume 44;2013;4;A Goldsmith Exercise for Learning Money Creation; Sarah   Pearlman ,  Robert P.   Rebelein 
JEE;Volume 44;2013;4;Big Think: A Model for Critical Inquiry in Economics Courses; KimMarie   McGoldrick ,  Robert   Garnett 
JEE;Volume 44;2013;4;Trends in Undergraduate Economics Degrees, 1991-2012; John J.   Siegfried 
JEE;Volume 44;2013;4;Teaching Macroeconomics After the Crisis: A Survey Among Undergraduate Instructors in Europe and the United States; Manfred   Gärtner ,  Björn   Griesbach ,  Florian   Jung 
JEE;Volume 45;2014;1;The Impact of Letter Grades on Student Effort, Course Selection, and Major Choice: A Regression-Discontinuity Analysis; Joyce B.   Main ,  Ben   Ost 
JEE;Volume 45;2014;1;Incentive Matters!-The Benefit of Reminding Students About Their Academic Standing in Introductory Economics Courses; Qihui   Chen ,  Tade O.   Okediji 
JEE;Volume 45;2014;1;First-Year Study Success in Economics and Econometrics: The Role of Gender, Motivation, and Math Skills; Ivo J. M.   Arnold ,  Wietske   Rowaan 
JEE;Volume 45;2014;1;A Simple Treatment of the Liquidity Trap for Intermediate Macroeconomics Courses; Sebastien   Buttet ,  Udayan   Roy 
JEE;Volume 45;2014;1;Core Requirements for the Economics Major; Marie   Petkus ,  John J.   Perry ,  Bruce K.   Johnson 
JEE;Volume 45;2014;1;National Standards for Financial Literacy: Rationale and Content; William   Bosshardt ,  William B.   Walstad 
JEE;Volume 45;2014;1;LSAT® Scores of Economics Majors: The 2012-13 Class Update; Michael   Nieswiadomy 
JEE;Volume 45;2014;1;Economics Memes: How to use Memes to Teach and Learn Economics; Russell   Engel ,  Patrick   Ryan   Murphy ,  Chuck   Fisk 
JEE;Volume 45;2014;1;An Interactive Web Site for Teaching the Simple Economics of Easter Island; Mark   Reiman 
JEE;Volume 45;2014;1;Demystifying Financial Markets for Saving and Insurance with Numerical Models; Nick L.   Guo ,  John   Gilbert 
JEE;Volume 45;2014;1;Health Economics Education (HEE) Web Site: A Tool to Enhance Health Economics Teaching in the United Kingdom; Hema   Mistry ,  Raymond   Oppong ,  Emma J.   Frew 
JEE;Volume 45;2014;2;Using Field Experiments to Change the Template of How We Teach Economics;John A. List
JEE;Volume 45;2014;2;Adverse Selection in Health Insurance Markets: A Classroom Experiment;Ashley Hodgson
JEE;Volume 45;2014;2;Tweeting Your Way to Improved #Writing, #Reflection, and #Community;Alice Louise Kassens
JEE;Volume 45;2014;2;Teaching About Heterogeneous Response Models;Michael P. Murray
JEE;Volume 45;2014;2;Pulling Econometrics Students Up by Their Bootstraps;Michael E. O'Hara
JEE;Volume 45;2014;2;Consensus Among Economists-n Update;Dan Fuller, Doris Geide-Stevenson
JEE;Volume 45;2014;2;Undergraduate Coursework in Economics: A Survey Perspective;John J. Siegfried, William B. Walstad
JEE;Volume 45;2014;2;"A Guide for \xe2\x80\x9cJEE Content"" Submissions";David Colander, Robert Goldfarb, Casey Rothschild, Mark Setterfield
JEE;Volume 45;2014;2;A Guide for Submissions to the Journal of Economic Education Instruction Section;KimMarie McGoldrick
JEE;Volume 45;2014;2;Anyone? Anyone? A Guide to Submissions on Classroom Experiments;Tisha L. N. Emerson
JEE;Volume 45;2014;2;Submissions to the Online Section of the Journal of Economic Education;William L. Goffe
JEE;Volume 45;2014;3;How to Generate Good Profit Maximization Problems;Lewis Davis
JEE;Volume 45;2014;3;Learning to Argue with Intermediate Macro Theory: A Semester-Long Team Writing Project;Georg Strasser, Marketa Halova Wolfe
JEE;Volume 45;2014;3;Field Experiments in a Course on Behavioral Economics: Nudging Students Around Campus;Carolina Castilla
JEE;Volume 45;2014;3;Motivating a Productive Discussion of Normative Issues Through Debates;Jessica Hennessey
JEE;Volume 45;2014;3;Bring-Your-Own-Device: Turning Cell Phones into Forces for Good;Jennifer Imazeki
JEE;Volume 45;2014;3;Why it Pays to Major in Economics;Thomas Carroll, Djeto Assane, Jared Busker
JEE;Volume 45;2014;3;Geographic Differences in the Earnings of Economics Majors;John V. Winters, Weineng Xu
JEE;Volume 45;2014;3;Publishing Research in the JEE;Sam Allgood
JEE;Volume 45;2014;3;Podcasts as a Tool for Teaching Economics;Rebecca L. Moryl
JEE;Volume 45;2014;4;Fifteen Years of Research on Graduate Education in Economics: What Have we Learned?;Wendy A. Stock, John J. Siegfried
JEE;Volume 45;2014;4;Quasi-Experimental Evidence of Peer Effects in First-Year Economics Courses at a Chinese University;Qihui Chen, Guoqiang Tian, Tade O. Okediji
JEE;Volume 45;2014;4;Father Knows Best: Using Adam Smith to Teach Transactions Costs;Brandon Dupont
JEE;Volume 45;2014;4;Exploring Duopoly Markets with Conjectural Variations;Ludovic A. Julien, Olivier Musy, Aurélien W. Saàfdi
JEE;Volume 45;2014;4;A Guide for Submissions to the Features and Information Section- Wealth of Opportunities;Gail M. Hoyt
JEE;Volume 45;2014;4;A Survey of Principles Instructors: Why Lecture Prevails;William L. Goffe, David Kauper
JEE;Volume 45;2014;4;The Masters of Economics: Where are we Now?;James P. McCoy, Martin I. Milkman, Riza Marjadi
JEE;Volume 45;2014;4;Trends in Undergraduate Economics Degrees, 1991-2013;John J. Siegfried
JEE;Volume 45;2014;4;The Economics of The Office;Daniel D. Kuester, G. Dirk Mateer, Christopher J. Youderian
JEE;Volume 46;2015;1;Evaluating the Cooperative Component in Cooperative Learning: A Quasi-Experimental Study;Tisha L. N. Emerson, Linda K. English, KimMarie McGoldrick
JEE;Volume 46;2015;1;Improved Reasoning in Undergraduate Writing through Structured Workshops;Jason E. Dowd, Michelle P. Connolly, Robert J. Thompson Jr., Julie A. Reynolds
JEE;Volume 46;2015;1;Using Integrative Graphic Assignments to Promote Deep Learning of the Market Mechanism;Gareth P. Green, Brian D. Kelly, Dean J. Peterson, John C. Bean
JEE;Volume 46;2015;1;Engaging Health Professionals in Health Economics: A Human Capital Informed Approach for Adults Learning Online;Robert D. Lieberthal, Juan Leon
JEE;Volume 46;2015;1;Incorporating Twitter, Instagram, and Facebook in Economics Classrooms;Abdullah Al-Bahrani, Darshak Patel
JEE;Volume 46;2015;1;A Primer on Macroprudential Policy;Jean-Christophe Poutineau, Gauthier Vermandel
JEE;Volume 46;2015;1;Is It All Worth It? The Experiences of New PhDs on the Job Market, 2007-10;Brooke Helppie McFall, Marta Murray-Close, Robert J. Willis, Uniko Chen
JEE;Volume 46;2015;1;A Framework for Developing and Testing Financial Capability Education Programs Targeted to Elementary Schools;J. Michael Collins, Elizabeth Odders-White
JEE;Volume 46;2015;2;The Belief that Market Transactions Are Mutually Beneficial: A Comparison of the Views of Students in Economics and Other Disciplines;Amélie Goossens, Pierre-Guillaume Méon
JEE;Volume 46;2015;2;What Did We Learn from the Financial Crisis, the Great Recession, and the Pathetic Recovery?;Alan S. Blinder
JEE;Volume 46;2015;2;The Undergraduate Origins of PhD Economists Revisited;Wendy A. Stock, John J. Siegfried
JEE;Volume 46;2015;2;How Broad Liberal Arts Training Produces PhD Economists: Carleton's Story;Jenny Bourne, Nathan D. Grawe
JEE;Volume 46;2015;2;The Undergraduate Origins of PhD Economists: The Berkeley Experience;Martha L. Olney
JEE;Volume 46;2015;2;Liberal Arts Colleges and the Production of PhD Economists;Philip N. Jefferson, Ellen Magenheim
JEE;Volume 46;2015;2;Engaging Undergraduates in Economics;Kiran Gajwani, Jeffrey Miron
JEE;Volume 46;2015;2;Public Choice, Market Failure, and Government Failure in Principles Textbooks;Rosemarie Fike, James Gwartney
JEE;Volume 46;2015;2;Grades, Coursework, and Student Characteristics in High School Economics;Ken Rebeck, William B. Walstad
JEE;Volume 46;2015;2;Apps for Economics;Howard H. Cochran Jr., Marieta V. Velikova, Brad D. Childs, Lakisha L. Simmons
JEE;Volume 46;2015;3;In Memory of Michael Watts (November 3, 1950-December 5, 2014);William B. Walstad, Sam Allgood, Tisha Emerson, Gail Hoyt, KimMarie McGoldrick, Georg Schaur, William E. Becker
JEE;Volume 46;2015;3;Lecture Attendance, Study Time, and Academic Performance: A Panel Data Study;Vincenzo Andrietti, Carlos Velasco
JEE;Volume 46;2015;3;Examining Theories of Distributive Justice with an Asymmetric Public Goods Game;Stephen J. Schmidt
JEE;Volume 46;2015;3;A Research-Based Development Economics Course for Undergraduates;Prakarsh Singh, Hongye Guo, Alvaro Morales
JEE;Volume 46;2015;3;Fiscal Challenge: An Experiential Exercise in Policy Making;Mike Aguilar, Daniel Soques
JEE;Volume 46;2015;3;Why Excel?;Humberto Barreto
JEE;Volume 46;2015;3;What Do Teaching Weights Tell Us?;Cynthia L. Harter, Georg Schaur, Michael Watts
JEE;Volume 46;2015;3;Perspectives on Economics in the School Curriculum: Coursework, Content, and Research;William B. Walstad, Michael Watts
JEE;Volume 46;2015;4;Do Monetary Incentives Matter in Classroom Experiments? Effects on Course Performance;Matthew C. Rousu, Jay R. Corrigan, David Harris, Jill K. Hayter, Scott Houser, Becky A. Lafrancois, Olugbenga Onafowora, Gregory Colson, Adam Hoffer
JEE;Volume 46;2015;4;Effect of Peer Attendance on College Students' Learning Outcomes in a Microeconomics Course;Jennjou Chen, Tsui-Fang Lin
JEE;Volume 46;2015;4;Trust Me, I'm a Doctor: A PhD Survival Guide;Koen Deconinck
JEE;Volume 46;2015;4;Macroeconomic Stabilization When the Natural Real Interest Rate Is Falling;Sebastien Buttet, Udayan Roy
JEE;Volume 46;2015;4;A Simple Model to Teach Business Cycle Macroeconomics for Emerging Market and Developing Economies;Roberto Duncan
JEE;Volume 46;2015;4;The Music Industry as a Vehicle for Economic Analysis;Christopher C. Klein
JEE;Volume 46;2015;4;Airing Your Dirty Laundry: A Quick Marketable Pollution Permits Game for the Classroom;Jill L. Caviglia-Harris, Richard T. Melstrom
JEE;Volume 46;2015;4;Visualizing Data and the Online FRED Database;Diego Méndez-Carbajo
JEE;Volume 46;2015;4;Simulating Price-Taking;Lucas M. Engelhardt
JEE;Volume 46;2015;4;On Using a Barter Edgeworth Box to Discuss Efficiency Early in the Semester;Stephen Erfle
JEE;Volume 46;2015;4;Connecting Supply and Demand-An Interactive Visualization;Adalbert Mayer
JEE;Volume 46;2015;4;Rockonomix;Kim Holder, Adam Hoffer, Abdullah Al-Bahrani, Solina Lindahl
JEE;Volume 47;2016;1;Significant returns in engagement and performance with a free teaching app;Alan Green
JEE;Volume 47;2016;1;Introduction to symposium on opportunity cost;David Colander
JEE;Volume 47;2016;1;Opportunity cost: A reexamination;Michael Parkin
JEE;Volume 47;2016;1;Opportunity cost and the intelligence of economists: A comment;Daniel G. Arce
JEE;Volume 47;2016;1;Complexities in the examination of opportunity cost;Rod O'Donnell
JEE;Volume 47;2016;1;"Comments on \xe2\x80\x9cOpportunity cost: A reexamination"": A case in point of no free lunch";Daniel F. Stone
JEE;Volume 47;2016;1;Opportunity cost: A reply;Michael Parkin
JEE;Volume 47;2016;1;Using STELLA simulation models to teach natural resource economics;Sahan T. M. Dissanayake
JEE;Volume 47;2016;1;Product bundling and shared information goods: A pricing exercise;William G. Morrison
JEE;Volume 47;2016;1;Pod learning: Student groups create podcasts to achieve economics learning goals;Rebecca L. Moryl
JEE;Volume 47;2016;1;Resources for economic educators from the Federal Reserve Bank of St. Louis;Mary C. Suiter, Keith G. Taylor
JEE;Volume 47;2016;1;The opinions of economics majors before and after learning economics;Michael R. Hammock, P. Wesley Routon, Jay K. Walker
JEE;Volume 47;2016;1;Community college economics instruction: Results from a National Science Foundation Project;Mark Maier, W. Edward Chi
JEE;Volume 47;2016;1;Trends in undergraduate economics degrees, 1991-2014;John J. Siegfried
JEE;Volume 47;2016;2;Financial literacy of high school students: Evidence from Germany;Carsten Erner, Michael Goedde-Menke, Michael Oberste
JEE;Volume 47;2016;2;Using online compound interest tools to improve financial literacy;Edward Hubbard, Percival Matthews, Anya Samek
JEE;Volume 47;2016;2;The disaggregation of value-added test scores to assess learning outcomes in economics courses;William B. Walstad, Jamie Wagner
JEE;Volume 47;2016;2;Price discrimination: A classroom experiment;Paula Aguil\xc3\xb3, Maria Sard, Maria Tugores
JEE;Volume 47;2016;2;Estimating gender wage gaps: A data update;Judith A. McDonald, Robert J. Thornton
JEE;Volume 47;2016;2;Policies with varying costs and benefits: A land conservation classroom game;Sahan T. M. Dissanayake, Sarah A. Jacobson
JEE;Volume 47;2016;2;Capstone senior research course in economics;Ishuan Li, Robert Simonson
JEE;Volume 47;2016;2;Comparative economics systems in the undergraduate curriculum: An update;Alexander Kovzik, Marianne Johnson
JEE;Volume 47;2016;2;Mass attrition: An analysis of drop out from principles of microeconomics MOOC;Gloria Allione, Rebecca M. Stein
JEE;Volume 47;2016;2;Is economics a good major for future lawyers? Evidence from earnings data;John V. Winters
JEE;Volume 47;2016;2;Bazinganomics: Economics of The Big Bang Theory;James Tierney, G. Dirk Mateer, Ben Smith, Jadrian Wooten, Wayne Geerling
JEE;Volume 47;2016;3;Assessing financial education methods: Principles vs. rules-of-thumb approaches;William L. Skimmyhorn, Evan R. Davies, David Mun, Brian Mitchell
JEE;Volume 47;2016;3;Randomized controlled trial of teaching methods: Do classroom experiments improve economic education in high schools?;Gerald Eisenkopf, Pascal A. Sulser
JEE;Volume 47;2016;3;When do first-movers have an advantage? A Stackelberg classroom experiment;Robert Rebelein, Evsen Turkay
JEE;Volume 47;2016;3;Growing by getting their hands dirty: Meaningful research transforms students;Amy Henderson
JEE;Volume 47;2016;3;Are MS in economics programs in departments that also have a PhD program in economics different from their counterparts?;Martin I. Milkman, Riza Marjadi, James P. McCoy
JEE;Volume 47;2016;3;Broadway economics;Matthew C. Rousu
JEE;Volume 47;2016;4;A quantitative evaluation of the flipped classroom in a large lecture principles of economics course;Rita A. Balaban, Donna B. Gilleskie, Uyen Tran
JEE;Volume 47;2016;4;Classroom experiments: Teaching specific topics or promoting the economic way of thinking?;Tisha L. N. Emerson, Linda K. English
JEE;Volume 47;2016;4;An analysis of economic learning among undergraduates in introductory economics courses in Germany;Roland Happ, Olga Zlatkin-Troitschanskaia, Susanne Schmidt
JEE;Volume 47;2016;4;Motivating the study of international trade: A classroom activity;Sherry Jensen
JEE;Volume 47;2016;4;A classroom experiment with bank equity, deposit insurance, and bailouts;Denise Hazlett
JEE;Volume 47;2016;4;A classroom market for extra credit: A semester-long experiment;James Staveley-O'Carroll
JEE;Volume 47;2016;4;What's in a grade? Grading policies and practices in principles of economics;William B. Walstad, Laurie A. Miller
JEE;Volume 47;2016;4;Trends in undergraduate economics degrees: 1991-2015;John J. Siegfried
JEE;Volume 47;2016;4;EconEdReviews: Economics and personal finance lessons and reviews;Carlos J. Asarta, Jamie F. Wagner
